<?xml version="1.0" encoding="utf-8"?>
<extension type="component" version="1.6.0" method="upgrade">
    <name>GoogleTranslate</name>
    <author>Yireo</author>
    <authoremail>support@yireo.com</authoremail>
    <authorurl>http://www.yireo.com</authorurl>
    <creationDate>November 2011</creationDate>
    <copyright>Copyright 2011 Yireo.com</copyright>
    <license>http://www.gnu.org/licenses/gpl-2.0.html GNU/GPL</license>
    <version>0.1.1</version>
    <description>This component offers translation from Google Translate.</description>

    <administration folder="administrator/components/com_googletranslate">

        <menu>COM_GOOGLETRANSLATE</menu>

        <files folder="administrator/components/com_googletranslate">
            <filename>googletranslate.php</filename>
            <filename>config.xml</filename>
            <filename>controller.php</filename>
            <filename>index.html</filename>
        </files>

        <files>
            <filename>googletranslate.xml</filename>
        </files>

        <languages folder="administrator/language/en-GB">
            <language tag="en-GB">en-GB.com_googletranslate.sys.ini</language>
            <language tag="en-GB">en-GB.com_googletranslate.ini</language>
        </languages>

    </administration>

    <media folder="media">
        <folder>com_googletranslate</folder>
    </media>

</extension>
