<?xml version="1.0" encoding="utf-8"?>
<install version="1.5" type="plugin" group="editors-xtd" method="upgrade">
    <name>Button - GoogleTranslate</name>
    <author>Yireo</author>
    <creationDate>February 2012</creationDate>
	<copyright>Copyright (C) 2012 Yireo.com. All rights reserved.</copyright>
	<license>http://www.gnu.org/licenses/gpl-3.0.html GNU/GPL</license>
    <authorEmail>info@yireo.com</authorEmail>
    <authorUrl>http://www.yireo.com/</authorUrl>
    <version>0.1.2</version>
    <description>Button to translate your content using GoogleTranslate</description>
    <files>
        <filename plugin="googletranslate">googletranslate.php</filename>
    </files>
</install>
