<?xml version="1.0" encoding="utf-8"?>
<extension version="1.6" type="plugin" group="editors-xtd" method="upgrade">
    <name>Button - GoogleTranslate</name>
    <author>Yireo</author>
    <creationDate>May 2012</creationDate>
    <license>http://www.gnu.org/copyleft/gpl.html GNU/GPL</license>
    <authorEmail>info@yireo.com</authorEmail>
    <authorUrl>http://www.yireo.com/</authorUrl>
    <version>0.1.3</version>
    <description>Button to translate your content using GoogleTranslate</description>
    <files>
        <filename plugin="googletranslate">googletranslate.php</filename>
        <filename>index.html</filename>
    </files>
</extension>
